customer_id,first_name,last_name,email,phone,city,country,registration_date
1,Kyle,Cox,nlawrence@example.org,444.603.5224x85607,Chicago,USA,2024-10-23
2,Johnny,Parker,cconley@example.org,555.730.4974x65801,New York,USA,2026-07-11
3,Jane,Nelson,hernandezpatrick@example.net,(693)887-5275,Seattle,USA,2025-08-06
4,Jose,Webb,kathleenromero@example.org,987-828-9808x97236,Miami,USA,2026-03-03
5,Hannah,Taylor,brooke56@example.net,001-844-363-9290x9594,Miami,USA,2026-05-04
6,Gregory,Moss,vphillips@example.net,+1-469-230-0400x59303,Dallas,USA,2023-10-10
7,Jason,Davis,diane04@example.com,562.648.5952x979,Chicago,USA,2025-03-02
8,Lance,Cook,kathleen89@example.net,520-202-8019,Phoenix,USA,2024-09-07
9,Matthew,Hall,mccallrichard@example.com,+1-786-751-1193,Chicago,USA,2025-02-07
10,Donald,Baird,triciamendez@example.com,(236)862-2257x484,Atlanta,USA,2023-09-28
11,David,Mahoney,rsullivan@example.com,+1-964-233-5874x962,Denver,USA,2026-03-30
12,Jill,Robertson,jparker@example.com,+1-589-391-6146x25216,New York,USA,2024-12-30
13,Jennifer,Pope,qcampbell@example.org,573-571-4656,New York,USA,2025-04-30
14,Daniel,Miller,yolanda38@example.net,682.975.0796,Chicago,USA,2025-11-22
15,Lori,Jordan,matthewbradford@example.com,450-635-8008,Miami,USA,2024-06-13
16,Julia,Lozano,summerwhite@example.org,+1-316-534-6892x061,Miami,USA,2024-11-15
17,Matthew,Gray,smithjonathan@example.com,2192537310,Phoenix,USA,2024-02-22
18,Madison,Hart,lthomas@example.com,226-451-3392x7499,Atlanta,USA,2025-12-24
19,Anthony,Smith,tylerkathy@example.net,(413)604-3604,New York,USA,2025-04-11
20,David,Brown,mataregina@example.net,3827666702,Phoenix,USA,2024-02-05
21,Matthew,Ellis,xrodgers@example.com,(299)308-8683x21154,Miami,USA,2023-08-14
22,Blake,Pineda,heidi02@example.net,001-806-213-7644,Phoenix,USA,2025-02-14
23,Christopher,Santos,ncarter@example.org,2269533847,Denver,USA,2025-11-01
24,Dorothy,Kelly,christina82@example.net,(961)623-5686,Miami,USA,2024-11-02
25,Alicia,James,kyle74@example.com,001-252-605-1316,Austin,USA,2024-11-30
26,David,Johnson,joshuawhite@example.net,645-501-3055x431,Atlanta,USA,2024-04-25
27,Kari,Montgomery,ngonzales@example.org,375-405-7208,Seattle,USA,2026-05-03
28,Derek,Hampton,gramirez@example.com,8245778969,New York,USA,2024-04-26
29,Crystal,Andrews,daniel40@example.net,(342)847-6157,Dallas,USA,2023-07-19
30,Kathleen,Howell,thomasjonathan@example.com,001-559-437-7084,Denver,USA,2024-08-15
31,Thomas,Estes,thomasalicia@example.org,4554605414,Boston,USA,2025-01-07
32,Rachel,Miller,burgesslaura@example.com,(344)353-3480x94976,Seattle,USA,2026-04-07
33,Eric,Jenkins,ayalakylie@example.org,305-734-9542,Dallas,USA,2025-12-24
34,Kathy,Burns,thomaslauren@example.org,(935)635-3562x365,Miami,USA,2023-10-27
35,Anna,Flores,ingramjeffrey@example.com,645.398.5581,Boston,USA,2023-10-30
36,Monica,Smith,jschneider@example.com,396-594-6991x919,Chicago,USA,2026-07-11
37,Jessica,Clements,greyes@example.com,+1-294-653-6107,Chicago,USA,2026-05-14
38,Jennifer,Mills,fsimon@example.net,965-609-8804x3527,Denver,USA,2023-07-24
39,Amanda,Thompson,beckysmith@example.com,697.929.5874x13807,Chicago,USA,2026-05-26
40,Reginald,Peterson,bryan87@example.com,924-647-9188x23196,Boston,USA,2025-11-12
41,Kristin,Pham,carolineparker@example.com,(210)329-7540x010,Boston,USA,2025-07-22
42,Shannon,Donovan,levydaniel@example.net,001-420-392-6596x260,Atlanta,USA,2025-09-03
43,Anna,Watson,jenningstamara@example.net,4378159807,Seattle,USA,2025-01-26
44,Ashley,Ramos,donna67@example.org,001-980-443-8347x445,New York,USA,2025-11-26
45,Riley,Mathews,ybrewer@example.net,+1-296-633-9007x12052,Austin,USA,2025-04-11
46,Joseph,Dickerson,cobbheidi@example.net,674.660.3805,Phoenix,USA,2024-01-29
47,Aaron,Jefferson,justin30@example.org,+1-801-254-2639x81360,Chicago,USA,2025-12-30
48,Jonathan,Cisneros,bweaver@example.net,+1-646-581-8173x1706,Denver,USA,2026-01-30
49,Kevin,Davis,markcarney@example.com,+1-898-839-1070x487,Chicago,USA,2024-07-07
50,Michael,Brewer,angie48@example.org,+1-979-892-9358x62218,Phoenix,USA,2023-07-26
51,Shannon,Anderson,janetanderson@example.org,+1-466-736-8342x0679,Seattle,USA,2025-03-06
52,Sean,Grant,christina43@example.net,001-239-279-6168,Atlanta,USA,2025-02-02
53,Monica,Greene,xpierce@example.net,767-680-6850,Boston,USA,2025-01-02
54,Jerry,Hoffman,bellmegan@example.net,2372286605,Atlanta,USA,2024-11-09
55,Megan,Williams,paulpadilla@example.org,(298)944-4721x598,Miami,USA,2024-02-05
56,Joshua,Nichols,linda10@example.com,001-741-415-7020x140,Chicago,USA,2023-09-02
57,Allen,Wolf,lharris@example.org,+1-791-578-6061x0234,New York,USA,2026-05-08
58,Ryan,Garcia,crystallewis@example.org,513.736.7183x03636,Miami,USA,2025-07-15
59,Kari,Myers,danielpalmer@example.net,795.714.8144x8342,Seattle,USA,2025-04-02
60,Jake,Phillips,kellicochran@example.com,(705)370-2355x52932,Chicago,USA,2024-10-05
61,Kelly,Fernandez,grahambrent@example.net,+1-210-239-2599x1085,Miami,USA,2026-07-14
62,Amanda,Bryant,aaron15@example.com,573.984.9698,Chicago,USA,2025-02-07
63,Lisa,Fisher,jose88@example.net,+1-470-805-8198x36572,Denver,USA,2026-07-02
64,David,Brennan,fhall@example.com,001-581-304-1878x74164,Seattle,USA,2025-02-15
65,Julia,Ford,mpark@example.org,317.602.1590x31602,Austin,USA,2024-06-16
66,Rebecca,Curry,bperez@example.com,272.743.9044x6847,Boston,USA,2026-03-27
67,Elizabeth,Morales,kimberly81@example.com,(244)224-7468,Dallas,USA,2024-05-05
68,Caleb,Kirby,riversbreanna@example.com,001-653-925-4086x00678,Boston,USA,2024-05-25
69,Christopher,Jordan,jared24@example.com,395-475-5097,Boston,USA,2024-05-10
70,James,Turner,showell@example.net,001-793-921-2300x326,Miami,USA,2025-11-26
71,Makayla,Edwards,hornnathan@example.org,787-811-4604,Seattle,USA,2026-02-02
72,Sarah,Johnson,travis24@example.net,8024407532,Chicago,USA,2025-10-16
73,Catherine,Mendez,michaelyoung@example.org,275.947.7304x0156,Atlanta,USA,2025-05-05
74,Lindsey,Lewis,rachaelfranco@example.com,516-945-7082x3815,Dallas,USA,2026-01-11
75,John,Lynn,phillipsmaria@example.net,321.864.0656,Phoenix,USA,2025-05-12
76,Jacqueline,Hill,ywilson@example.org,453-937-1778x02890,Miami,USA,2025-02-13
77,Peter,Valdez,louishayes@example.org,(236)704-6727,Dallas,USA,2024-05-06
78,Kimberly,Mitchell,bernardthomas@example.com,255.293.8692x63975,Austin,USA,2023-08-09
79,Eric,Huff,gonzalesjennifer@example.net,955.805.5251x3163,Denver,USA,2024-03-13
80,Tracey,Sullivan,william22@example.net,5638463283,Seattle,USA,2023-10-16
81,Tina,Jones,justinmiranda@example.com,539.268.9062x4607,Phoenix,USA,2024-08-03
82,John,Leon,brandon70@example.net,(694)832-1539x02442,Miami,USA,2025-08-30
83,Ashley,Nelson,kyle39@example.com,291-917-8270,Boston,USA,2023-12-01
84,Jasmine,Martinez,brownedward@example.com,874.960.5034x0423,New York,USA,2025-03-28
85,Scott,Singleton,gmason@example.net,917-438-0876,Miami,USA,2025-10-07
86,Mark,Jordan,aliemma@example.org,001-507-809-6811x3100,New York,USA,2023-12-01
87,Christine,Church,kellyjohnson@example.org,(529)239-5646x6717,Boston,USA,2024-11-11
88,Larry,Perez,mendozaalicia@example.org,469-852-7992x155,Denver,USA,2026-01-23
89,Rose,Becker,bryan75@example.org,331.319.6964x43501,Seattle,USA,2025-09-13
90,Krista,Wright,miranda66@example.com,+1-633-713-5842,Chicago,USA,2025-04-23
91,Jennifer,James,mclaughlinkimberly@example.org,328.752.3106x093,Miami,USA,2025-02-28
92,Micheal,Diaz,felicia71@example.org,600-882-8603x194,Atlanta,USA,2026-06-25
93,Benjamin,Hunter,rodriguezryan@example.net,903-397-4653x8358,Boston,USA,2023-09-30
94,Jason,Fernandez,bakerbrandy@example.com,001-365-975-3468x1278,Miami,USA,2026-06-23
95,Lisa,Miller,lopezjake@example.com,(599)649-4416x762,Austin,USA,2026-02-24
96,Maurice,Hansen,kristen28@example.net,+1-741-792-6153x2651,Denver,USA,2024-09-13
97,Rebecca,Wright,karihenderson@example.org,+1-611-506-2814x390,Austin,USA,2024-07-19
98,Raymond,Higgins,harrisjennifer@example.org,427.857.7189,Dallas,USA,2026-02-28
99,Derek,Chambers,christopher79@example.com,341-661-9988x740,Seattle,USA,2026-04-22
100,Katelyn,Welch,jaredrobinson@example.org,239-394-2068x070,Dallas,USA,2025-11-08
101,Frank,Dorsey,qleach@example.com,001-430-608-3125x3916,Miami,USA,2025-01-11
102,Mason,Molina,vickie08@example.com,464-452-4199,Phoenix,USA,2023-11-29
103,Alyssa,Powell,kmitchell@example.org,+1-384-665-8705x4942,Phoenix,USA,2024-03-04
104,Katherine,Miller,latoya41@example.org,(931)580-7378x14320,Seattle,USA,2024-12-15
105,Kevin,Shaw,rwilliams@example.com,921.918.9680x21583,Atlanta,USA,2024-07-10
106,Cody,Hughes,nrogers@example.net,246.806.6810x033,Denver,USA,2025-02-08
107,Joe,Phillips,proctormark@example.com,(498)315-6218,Atlanta,USA,2024-12-16
108,Joseph,Hunt,jill72@example.org,+1-808-549-6687,Denver,USA,2024-06-23
109,Barbara,Martin,yvalencia@example.org,672.232.0040,Boston,USA,2026-02-23
110,Thomas,Perez,qbarnes@example.org,744-820-3795x32515,Miami,USA,2024-07-17
111,Wanda,Garrett,rwiley@example.net,+1-298-774-1338x8137,Dallas,USA,2023-10-04
112,Mallory,Moore,kathleen16@example.org,831.712.8846x1139,Phoenix,USA,2024-03-07
113,Gary,Hall,peter04@example.com,288-291-8022x0280,Austin,USA,2024-05-18
114,Tyler,Bright,karinahunt@example.org,836.852.4618,Chicago,USA,2026-04-15
115,Jared,Bennett,christopherdavis@example.org,(419)634-7348x298,New York,USA,2024-11-18
116,William,Foster,tespinoza@example.net,(822)511-1571x3885,Chicago,USA,2026-01-18
117,Timothy,Williams,christopher40@example.org,890.671.6683x3437,Dallas,USA,2025-08-26
118,Benjamin,Davidson,wvelazquez@example.org,(959)657-8610,Dallas,USA,2025-10-16
119,Timothy,Sutton,moorepatrick@example.org,341.832.1567,Denver,USA,2025-04-01
120,Michelle,Wilson,william37@example.net,666-274-2176x643,Atlanta,USA,2026-01-15
121,Richard,Perry,daniel95@example.net,+1-944-604-2276,Chicago,USA,2024-07-23
122,Crystal,Burke,kwest@example.net,(841)965-4237x85259,Denver,USA,2024-12-22
123,Jonathan,Horton,benjamin76@example.net,291.373.7287x587,Denver,USA,2025-10-17
124,Rita,Hayes,christopher68@example.com,(465)217-3863x069,Atlanta,USA,2024-08-01
125,George,Payne,james77@example.org,937-458-7610,Austin,USA,2026-02-09
126,Melissa,Jones,juanhenry@example.com,+1-568-890-3283,Phoenix,USA,2025-08-03
127,Richard,Steele,tneal@example.com,627-532-0350x677,Seattle,USA,2026-01-21
128,Danny,Harrington,hmaddox@example.com,(995)636-4042,Phoenix,USA,2026-03-01
129,Grace,Howard,gabrielle67@example.com,(348)707-7044x236,New York,USA,2024-12-29
130,Misty,Smith,gperez@example.net,577.565.2939x2172,Chicago,USA,2025-10-11
131,Holly,Long,timothy83@example.org,(980)524-8494,Phoenix,USA,2026-04-25
132,Jason,Thomas,gsims@example.com,(379)610-9882x42669,Seattle,USA,2024-02-18
133,Elizabeth,Jones,pearsondaniel@example.net,655.550.4974x664,Boston,USA,2026-02-14
134,Caroline,Ford,mcgrathkenneth@example.org,(596)470-5228x69010,Chicago,USA,2025-09-03
135,Douglas,Hamilton,briangarcia@example.com,878.338.5048x8235,Seattle,USA,2023-12-18
136,Samantha,Simpson,bellnicholas@example.net,228-733-4533x15798,Denver,USA,2025-11-03
137,Nicole,Jordan,josephkramer@example.com,(733)248-4631,Dallas,USA,2025-09-24
138,Diana,Chase,vmartin@example.org,(515)505-6489,Austin,USA,2025-03-20
139,Emily,Stephens,wesleyduke@example.com,001-457-897-3306,New York,USA,2026-07-11
140,Scott,Green,parkeramanda@example.net,(446)204-7212x769,Seattle,USA,2025-09-02
141,Julie,Welch,andersonalexis@example.com,001-424-496-9795,Phoenix,USA,2026-01-19
142,Rachel,Wong,pearsonalexa@example.com,3936097834,Dallas,USA,2024-04-06
143,Jonathan,Nguyen,christopherglover@example.org,5676661922,Phoenix,USA,2025-06-27
144,Carlos,Perez,aaronhogan@example.org,365-734-3666,Chicago,USA,2024-07-26
145,Lisa,Howard,jessica93@example.com,001-479-759-5440x040,Seattle,USA,2025-07-13
146,Sharon,Perry,greendouglas@example.org,478.368.6488,Phoenix,USA,2023-11-03
147,Douglas,Martinez,proth@example.org,(899)542-7352x589,Atlanta,USA,2023-07-23
148,Megan,Carr,carolinelee@example.com,744.550.0367x65163,Miami,USA,2024-02-07
149,Christina,Maldonado,cheryl60@example.net,001-252-822-9358x10088,Dallas,USA,2024-01-25
150,Tina,Edwards,hollydonovan@example.org,351.991.1542,Boston,USA,2026-01-07
151,Terri,Barber,pmarshall@example.net,789.696.9430x0096,Dallas,USA,2024-07-28
152,Julie,Byrd,lturner@example.org,(240)924-0926,Phoenix,USA,2024-05-12
153,Stephen,Young,martincheryl@example.com,(451)621-0128x29110,Phoenix,USA,2023-08-14
154,Scott,King,dmiller@example.com,452.775.5097x24056,New York,USA,2024-08-21
155,Jessica,Cantu,andreaclark@example.com,255-321-7144,Atlanta,USA,2024-08-16
156,Edward,Allison,hawkinsdaniel@example.net,216-987-6179x726,Boston,USA,2026-03-12
157,Eddie,Young,clarkrobert@example.net,+1-472-251-1913x06450,Austin,USA,2023-08-30
158,Lauren,Bolton,amy83@example.net,(415)985-6586,New York,USA,2024-09-11
159,Theodore,Obrien,thomas86@example.com,001-375-761-0667x29294,Chicago,USA,2026-06-21
160,Keith,Murphy,usnyder@example.com,580-767-5970,Boston,USA,2024-01-14
161,Wendy,Cooper,scantrell@example.net,(363)907-0750x265,Seattle,USA,2023-11-25
162,Brooke,Cummings,shelley89@example.org,478-937-1389x94035,Miami,USA,2023-09-27
163,Sarah,Gallagher,boydpeter@example.com,222.304.7212,New York,USA,2026-03-09
164,Oscar,Mann,pmartin@example.com,630.588.8095,Miami,USA,2025-09-12
165,Matthew,Tyler,rhicks@example.com,(518)475-6973x931,Atlanta,USA,2024-02-28
166,Andrew,Paul,camposgregory@example.net,001-392-338-5300x97883,Chicago,USA,2023-10-16
167,Julie,Price,bradley45@example.com,(707)890-0470x23691,Chicago,USA,2023-10-10
168,Nicole,Shields,april36@example.com,(257)774-7138x2455,Austin,USA,2024-04-05
169,Juan,Miller,jeanbrock@example.org,(217)655-2531,Chicago,USA,2025-02-24
170,Brian,Guzman,jasmineflores@example.org,+1-885-755-6293x624,Phoenix,USA,2025-09-08
171,Nancy,Yoder,benjamin76@example.com,001-995-964-2700x50163,Dallas,USA,2026-06-15
172,Kelly,Allen,jray@example.net,(226)311-2446x98259,Dallas,USA,2024-03-29
173,Danielle,Williams,campbellmelissa@example.org,788.346.3664x4809,Austin,USA,2025-01-15
174,Laura,Lewis,sergio09@example.org,(403)354-2799x4654,Phoenix,USA,2024-08-12
175,Sean,Webb,melodymunoz@example.net,+1-375-537-7319x47688,Dallas,USA,2025-09-11
176,Johnny,Merritt,kbrewer@example.org,+1-804-202-1377,Seattle,USA,2026-07-06
177,Brandon,Phillips,laurie00@example.org,001-880-521-1125x3746,Phoenix,USA,2024-02-22
178,Robert,Glover,crosbycody@example.com,910.353.8557,Atlanta,USA,2025-09-15
179,Crystal,Ramos,martinezbrandi@example.com,(926)990-3440x3848,Denver,USA,2024-11-19
180,Anthony,Martin,jvasquez@example.com,796-474-2276x97898,Miami,USA,2024-02-15
181,Nancy,Guerrero,leah51@example.net,320-751-3401x2613,Phoenix,USA,2024-12-17
182,Shannon,Jones,fellis@example.net,456-291-0308x1694,Miami,USA,2025-03-26
183,Nicole,Morris,marcusorr@example.org,001-452-570-8655,Seattle,USA,2026-03-17
184,Alejandro,Wilson,pagefrank@example.org,9614806942,Denver,USA,2025-04-24
185,Todd,Rojas,smithchristopher@example.org,886-433-3205,Boston,USA,2026-05-17
186,Beverly,Roy,melaniestewart@example.org,(735)332-4269x32730,Austin,USA,2026-01-31
187,Mary,Gray,kathrynsimpson@example.com,425.236.2016,Phoenix,USA,2024-08-21
188,Helen,Crawford,emilyhowell@example.com,533.591.3040x71575,Austin,USA,2023-09-14
189,Joshua,Robertson,brent20@example.net,790-669-4477x82429,Chicago,USA,2024-11-16
190,Gary,Brewer,kmullen@example.net,546.606.1469x6990,Miami,USA,2025-07-09
191,George,Mcbride,ialexander@example.net,(736)720-1731,Miami,USA,2024-05-18
192,Lacey,Barrett,ashleyking@example.org,001-356-264-9559x808,Chicago,USA,2026-07-13
193,Randy,Pearson,maryharding@example.com,(566)774-1476x27960,Boston,USA,2025-07-29
194,William,Medina,hunter54@example.net,(898)378-0927x9481,New York,USA,2025-03-22
195,Mary,Mejia,denisegeorge@example.org,001-223-716-1027x18441,Atlanta,USA,2026-07-01
196,Kristi,Carter,ccosta@example.net,390.533.0651,Phoenix,USA,2024-08-19
197,Steven,Callahan,leonardkeith@example.com,951.310.4370x65597,Miami,USA,2024-01-11
198,Vincent,Shaw,stoutjessica@example.net,955.811.9421,Atlanta,USA,2025-04-24
199,David,Nichols,bakermichael@example.net,4136419801,Miami,USA,2023-10-18
200,Kristen,Lam,amelton@example.net,203.421.3048x11784,New York,USA,2024-09-16
201,John,Lambert,hawkinsmichael@example.net,303-932-5191,Chicago,USA,2026-07-06
202,Diana,Brooks,michelle59@example.com,(455)530-9409,New York,USA,2024-05-28
203,John,Burgess,brian66@example.org,(694)682-1330x694,Miami,USA,2024-01-18
204,Jamie,Holmes,fperez@example.org,9895120559,Chicago,USA,2024-02-02
205,Gregory,Bond,murphystephanie@example.com,4859558445,New York,USA,2026-04-01
206,Victoria,Freeman,tamarawilliams@example.org,+1-273-500-3064x04891,Boston,USA,2025-01-02
207,Amber,Rose,tracycurtis@example.net,749-650-4481,Chicago,USA,2025-05-28
208,Monica,Ellis,alex89@example.net,314-643-9253x41511,Phoenix,USA,2024-12-02
209,Michelle,Harris,briggsrichard@example.org,936.643.9511x19626,Miami,USA,2023-11-27
210,Jennifer,Martinez,lindaschneider@example.com,885-738-1022,Seattle,USA,2026-02-03
211,Danielle,Mclaughlin,abigailfrank@example.com,(455)799-3409x05000,Austin,USA,2023-08-02
212,Joshua,Price,shannongonzalez@example.org,6225929840,Miami,USA,2025-03-04
213,George,Cole,xshepherd@example.net,4876430157,Phoenix,USA,2023-10-11
214,Michelle,Clark,dawn16@example.net,+1-941-477-2806x2576,Dallas,USA,2025-05-07
215,Andrew,Ellis,graydavid@example.net,975-437-8418x728,Atlanta,USA,2024-03-06
216,Adam,Harris,derricksnyder@example.net,2694681594,Atlanta,USA,2024-07-23
217,Timothy,Carlson,shaun93@example.com,+1-982-243-0173x95327,Austin,USA,2024-11-17
218,Mary,Gibbs,kenneth02@example.net,466.291.8880x040,Miami,USA,2026-04-20
219,Robert,Leonard,craig05@example.org,(837)595-5115,Austin,USA,2023-08-12
220,Rebecca,Shaw,garyscott@example.net,+1-404-851-8233x480,Denver,USA,2026-05-04
221,James,Hernandez,pamela36@example.org,001-851-790-4682x5895,Miami,USA,2024-11-13
222,Evan,Ayala,thomas63@example.com,878-431-0186x006,Chicago,USA,2023-11-21
223,Seth,Bryant,lopezkeith@example.net,833-338-7071x78635,Chicago,USA,2023-10-02
224,Kathleen,Hill,cynthiaellison@example.com,4045221800,Denver,USA,2025-07-05
225,Robert,Fitzgerald,tmckinney@example.org,+1-759-508-7794x465,Boston,USA,2024-09-23
226,Carlos,Wheeler,tylersmith@example.net,001-317-420-1220,Denver,USA,2025-09-01
227,Stephanie,Porter,brianna33@example.com,+1-518-413-6340x57587,Denver,USA,2024-09-18
228,Kelly,Hernandez,jonesvalerie@example.com,8832269208,Austin,USA,2024-03-05
229,Michael,Sandoval,richardmyers@example.com,(347)928-3808x628,New York,USA,2024-04-15
230,Teresa,Smith,leonarddarryl@example.net,239.451.4623x49893,Chicago,USA,2024-05-20
231,Tyler,Thornton,gblack@example.org,(910)439-6375x7203,New York,USA,2025-03-19
232,Ashley,Andrews,chad58@example.net,+1-460-652-9523,Denver,USA,2023-09-27
233,Lisa,Burke,keithprice@example.com,+1-543-589-0972x63519,Boston,USA,2026-02-20
234,Jane,Hebert,amytaylor@example.org,001-828-241-5295x9582,Chicago,USA,2024-08-31
235,John,Boyd,james10@example.net,654.461.6482x168,Miami,USA,2023-11-24
236,Angela,Wilson,nhernandez@example.com,001-960-515-8492x949,Miami,USA,2025-08-04
237,Michael,Welch,torresstephanie@example.com,411-736-8908x70049,Miami,USA,2024-11-08
238,Susan,Webster,ashley91@example.org,428-256-8185,Phoenix,USA,2025-01-19
239,Kirsten,Patel,zbrown@example.net,+1-244-866-8761,Austin,USA,2023-12-03
240,Linda,Kennedy,edward38@example.net,868-625-9288,Dallas,USA,2024-04-26
241,Jessica,Stone,jordan31@example.net,001-336-641-6998,Denver,USA,2023-09-27
242,Paul,Johnson,william56@example.org,+1-457-546-2755x87170,Dallas,USA,2023-11-15
243,Tony,Yoder,madelinejimenez@example.org,7999325986,Seattle,USA,2024-10-21
244,Tiffany,Hurst,mariamorris@example.com,+1-595-415-9393x90967,Austin,USA,2024-01-10
245,Annette,Stevens,kreynolds@example.com,520.680.1861,Miami,USA,2025-05-02
246,Kim,Stewart,rmills@example.com,638.986.4975,Chicago,USA,2025-04-16
247,Jose,Perez,lovekathy@example.net,001-409-408-4576x6124,Austin,USA,2024-01-29
248,Kevin,Roberts,martinezkenneth@example.com,(387)348-5118x408,Phoenix,USA,2025-03-22
249,Bruce,Weaver,joseph30@example.org,001-293-493-4650x669,Chicago,USA,2024-12-10
250,David,Clarke,rbryant@example.org,5573194188,New York,USA,2026-02-11
251,Oscar,Thompson,romerowilliam@example.com,(305)948-6104x404,Phoenix,USA,2025-01-18
252,Nicole,Douglas,philip30@example.org,(487)787-4728x600,New York,USA,2026-05-31
253,Kenneth,Hamilton,michael31@example.org,644.632.7514x77365,Chicago,USA,2024-11-15
254,Jose,Robinson,mason39@example.com,001-217-285-0038x5101,Miami,USA,2024-09-21
255,Courtney,Kelly,moorechristine@example.com,001-416-747-2916,Dallas,USA,2023-08-11
256,Heather,Sharp,jeffrey98@example.net,+1-628-901-8108,Denver,USA,2025-07-01
257,Christopher,Benson,epowell@example.net,669-951-5611x11933,Austin,USA,2025-07-31
258,Erin,Perez,lawsoncaroline@example.org,328.817.1077,Austin,USA,2024-11-25
259,Peter,Davis,singhedward@example.org,405.294.3106x05430,Miami,USA,2023-09-23
260,Karl,Sanchez,jenniferschwartz@example.net,204.373.1625x2489,Denver,USA,2024-11-15
261,Christy,Medina,lynnkristen@example.org,202-500-2562x22797,New York,USA,2023-12-07
262,David,Love,danielmahoney@example.com,+1-464-224-1565x4792,Dallas,USA,2025-01-03
263,Cathy,Parrish,jonathan34@example.org,666.484.7512,Denver,USA,2025-11-03
264,Ann,Mccullough,scott49@example.com,+1-411-882-5836,New York,USA,2024-12-13
265,Thomas,Garcia,apalmer@example.com,(442)754-6585x25866,Denver,USA,2023-07-23
266,James,Williamson,hinesmark@example.com,9969943126,Seattle,USA,2025-11-09
267,Joseph,Smith,jenniferjohnson@example.com,7697442145,Austin,USA,2024-12-13
268,Mark,Reeves,bakernicholas@example.com,463-543-7552,Seattle,USA,2024-12-21
269,Jesse,Herring,michelleking@example.com,322-223-8816x5706,Denver,USA,2025-04-01
270,Amy,Mitchell,jamesrodriguez@example.com,+1-729-815-3633x4535,Phoenix,USA,2026-01-04
271,Austin,Phillips,anthony90@example.org,388-498-8198x0783,Austin,USA,2024-08-26
272,Hannah,Cole,laura04@example.org,803-488-3143,Dallas,USA,2023-11-17
273,Janet,Williams,baileyaaron@example.org,001-240-425-3332x639,Miami,USA,2026-03-25
274,Gloria,Ayala,whart@example.net,737.592.8316x41024,Seattle,USA,2025-01-06
275,Dylan,Jones,glenn01@example.com,001-481-261-3765x5678,Miami,USA,2024-05-02
276,Zachary,Santos,katherine28@example.com,687-668-1401x19403,New York,USA,2024-11-17
277,Steven,Riley,angela75@example.com,(420)847-6151x97614,Atlanta,USA,2025-01-25
278,Mitchell,Lopez,reyescatherine@example.org,(252)896-9513,Phoenix,USA,2024-05-07
279,Nicole,Williams,msutton@example.net,+1-677-533-2095,New York,USA,2025-12-09
280,David,Vaughn,edgarhernandez@example.com,2417972550,Boston,USA,2025-08-27
281,Carol,Hernandez,harrissarah@example.com,+1-981-531-5290x68082,New York,USA,2025-03-24
282,Jeanne,Mayo,mark48@example.org,001-636-698-4508x8245,New York,USA,2023-09-25
283,Anne,Snyder,danielle52@example.org,001-702-968-1804x550,Atlanta,USA,2025-03-08
284,Timothy,Nguyen,amanda97@example.net,001-963-301-4249,Austin,USA,2025-10-27
285,David,Barnes,crosbykevin@example.org,(376)317-8487x6215,Phoenix,USA,2024-05-08
286,Ryan,Robertson,charles07@example.org,001-590-594-4749x8567,Phoenix,USA,2025-01-10
287,Brenda,Stephenson,jasonweber@example.net,001-508-483-6696x540,Dallas,USA,2025-12-05
288,Ashley,Smith,qharrison@example.net,+1-666-209-9359,New York,USA,2023-08-14
289,Noah,Young,boydjose@example.org,001-927-979-1474x46962,Phoenix,USA,2025-10-01
290,Kayla,Chavez,justinmccann@example.com,8345245811,Chicago,USA,2025-12-18
291,Jennifer,Ingram,westrada@example.org,342.461.8098,Dallas,USA,2024-02-15
292,Emily,Miller,rmontoya@example.com,(861)482-7104,Chicago,USA,2023-07-24
293,Logan,Stone,debra31@example.com,001-802-837-5676x9831,Atlanta,USA,2025-10-20
294,Nancy,Garcia,kimberlyanthony@example.com,001-276-234-9414x4819,Chicago,USA,2024-02-25
295,Tonya,Jones,scurry@example.org,548.328.3828x479,Miami,USA,2024-05-07
296,Bonnie,Olsen,megan33@example.net,+1-572-637-9090x9561,Denver,USA,2024-10-26
297,Christian,Sanders,danielkennedy@example.com,451.209.1519x4189,Chicago,USA,2024-03-04
298,Lauren,Morgan,colleen01@example.com,001-821-453-2486x908,Atlanta,USA,2025-01-15
299,Krista,Mills,gallagherjohn@example.org,(388)622-4609,Miami,USA,2024-05-10
300,Courtney,Beard,barneskathleen@example.net,426.810.8597,Atlanta,USA,2025-10-02
301,Eric,Larson,dawn19@example.net,655-854-6984,Atlanta,USA,2025-10-12
302,Chris,Tucker,sarah50@example.com,+1-541-571-1094x86294,New York,USA,2026-01-13
303,Jessica,King,riverajo@example.net,643.324.3386,Atlanta,USA,2023-12-22
304,Kristy,Santiago,brooketerrell@example.org,723-256-9635,Chicago,USA,2025-08-03
305,Donna,Hester,vjohnson@example.com,001-622-233-4545,Denver,USA,2023-12-05
306,Sarah,Morton,vbailey@example.com,3555582267,Atlanta,USA,2026-04-28
307,Damon,Evans,michael42@example.net,7865453252,Atlanta,USA,2025-06-22
308,Christopher,Lewis,jamesswanson@example.net,487-688-2303x214,Phoenix,USA,2026-04-11
309,Samantha,Stevens,carlpatel@example.net,+1-861-334-9888,Boston,USA,2024-01-24
310,Michael,Adams,michael14@example.com,530-768-0309x9390,Seattle,USA,2024-01-21
311,Christy,Evans,seth64@example.org,4492185053,Miami,USA,2025-03-17
312,Michelle,Guzman,dhaney@example.net,(858)621-5359x30859,Boston,USA,2023-09-30
313,Shelly,Perez,wilkinsadam@example.com,798-214-4018x19785,Miami,USA,2024-04-20
314,Madison,Shaw,amberwest@example.com,339.657.5113x2286,Seattle,USA,2025-10-12
315,Gregory,Snyder,courtney21@example.net,(872)865-3838x6811,Denver,USA,2024-01-19
316,Mitchell,Brown,christopher93@example.com,3024242105,Dallas,USA,2023-08-28
317,Shelby,Santiago,equinn@example.net,4594882352,Seattle,USA,2024-01-26
318,Ryan,Edwards,millerjames@example.net,+1-521-226-6972,Austin,USA,2025-07-03
319,Denise,Cruz,rodriguezisabel@example.org,+1-981-556-4210x78152,Boston,USA,2025-07-20
320,Stacey,Werner,zpatterson@example.net,001-464-633-6411x46225,Chicago,USA,2024-05-28
321,Emily,Bridges,manderson@example.com,747-382-2365x76095,New York,USA,2024-11-18
322,Alison,Hernandez,jessica31@example.org,001-280-395-7056x488,Austin,USA,2025-01-15
323,George,Kramer,xrowe@example.org,8544216985,Atlanta,USA,2023-11-12
324,Christopher,Monroe,seth41@example.org,524.264.5553,Atlanta,USA,2024-08-31
325,Chase,Roman,osolis@example.net,001-229-735-2185x8055,Chicago,USA,2024-04-25
326,Elizabeth,Henson,qzimmerman@example.com,+1-892-272-1756x251,Chicago,USA,2025-05-11
327,Russell,Johnson,jeffreylopez@example.org,+1-732-825-1640x2325,Phoenix,USA,2026-07-09
328,Lindsay,Mckinney,gvalencia@example.org,+1-582-911-3094x705,Miami,USA,2024-02-18
329,Frank,Hill,laurenmoore@example.org,+1-377-964-5170x2963,Phoenix,USA,2024-12-15
330,Michelle,Hill,jennifer22@example.com,325.212.5559x0632,Seattle,USA,2023-07-20
331,Brian,Wiggins,mcconnellcourtney@example.com,789-689-2317x4066,Dallas,USA,2025-01-15
332,Lindsay,Bailey,terrijones@example.com,+1-489-976-7397x160,Boston,USA,2025-03-10
333,Matthew,Medina,matthew67@example.org,(897)913-3303,Chicago,USA,2024-01-29
334,Margaret,Ortega,sophia81@example.com,536.865.9667x7637,Miami,USA,2026-04-20
335,Lauren,Park,nathan97@example.org,645-766-7209x4386,Boston,USA,2025-02-27
336,Bryce,Edwards,rwoods@example.net,(698)336-7072x9523,Seattle,USA,2024-03-10
337,Kathryn,Gutierrez,wrightkelly@example.com,727-814-6962,Dallas,USA,2024-08-17
338,Karen,Johnston,clairehenson@example.com,001-445-747-4443x7842,Austin,USA,2026-04-14
339,Danielle,Lin,julian47@example.net,(429)851-3925x814,Phoenix,USA,2025-07-12
340,Angela,Bell,karen12@example.com,(320)977-8692x195,Seattle,USA,2025-11-18
341,George,Johnston,gklein@example.net,5248062292,Atlanta,USA,2023-10-08
342,Christy,Lee,grahamabigail@example.org,(936)803-7813,Phoenix,USA,2025-03-20
343,Lisa,Reynolds,jenniferanderson@example.com,+1-825-654-6882,New York,USA,2025-08-30
344,Angela,Medina,fordmichael@example.org,274-427-7220,Phoenix,USA,2026-05-14
345,Sandra,Gray,smcgee@example.org,+1-901-469-1956,Seattle,USA,2023-09-30
346,Elizabeth,Morales,jeffrey12@example.net,646.901.8216x1158,Chicago,USA,2025-10-12
347,Dustin,Huber,joshuarogers@example.net,+1-721-552-5537x8567,Dallas,USA,2024-05-28
348,Lisa,Wallace,elizabethdavies@example.org,(244)854-5058x32821,Seattle,USA,2024-04-04
349,Jason,Dean,sergio40@example.net,(331)948-3278x5841,Chicago,USA,2025-01-26
350,Craig,Stevenson,jonathanmoore@example.net,705-916-2195x9964,Chicago,USA,2025-10-14
351,Shannon,Richard,kennethhenry@example.net,701.203.2958x344,Phoenix,USA,2023-08-25
352,Katie,Rosario,hartcharles@example.net,406-831-2653,Dallas,USA,2024-09-24
353,Hayley,Brown,jacobsonjoshua@example.net,781.367.5197x81956,Seattle,USA,2023-11-03
354,Gabriela,Dougherty,eileenjones@example.com,+1-456-215-6696,Seattle,USA,2025-10-04
355,Nicholas,Russell,belljennifer@example.org,457-509-1502x407,Atlanta,USA,2025-02-25
356,Katie,Jackson,joshuajordan@example.com,001-637-280-7484,Miami,USA,2026-04-01
357,Matthew,Ross,hnelson@example.com,+1-768-422-1405x82403,Boston,USA,2025-06-16
358,Jeremy,Terrell,briancolon@example.net,(440)245-5212x5281,Miami,USA,2024-04-25
359,Amy,Barnes,judith67@example.org,+1-283-310-9205x174,Seattle,USA,2024-04-19
360,Stacie,Gallagher,david83@example.net,001-843-442-0771x6657,Phoenix,USA,2025-11-14
361,Wesley,Turner,qmiller@example.com,001-621-433-2520x7435,Austin,USA,2023-08-02
362,John,Hall,dlee@example.com,6336286766,Seattle,USA,2026-05-27
363,Kelly,Rodriguez,sharonthompson@example.net,819.465.0570,New York,USA,2025-08-07
364,Max,Thomas,cassandra91@example.net,349.367.5385x81199,Chicago,USA,2024-05-04
365,Dennis,Figueroa,feliciaevans@example.net,606.642.9550x16742,Denver,USA,2024-11-10
366,Anthony,Marshall,crystal60@example.com,+1-939-334-7584x57338,Seattle,USA,2024-07-07
367,Manuel,George,kristina10@example.com,319.792.9680x519,New York,USA,2025-03-16
368,Stephanie,Richardson,reevesmargaret@example.com,+1-930-419-9049x1992,New York,USA,2026-05-31
369,Jacob,Chambers,etaylor@example.com,(832)815-6544,Boston,USA,2025-10-28
370,Jonathan,Wilson,dramirez@example.org,418.279.4940,Dallas,USA,2023-10-09
371,Amy,Marshall,zachary43@example.net,001-530-592-5363x4430,Seattle,USA,2025-03-18
372,Erin,Oliver,colleenramirez@example.org,3286126998,Dallas,USA,2025-09-24
373,Theresa,Carter,benjamin26@example.com,430-774-8120,Austin,USA,2025-07-13
374,Nicole,Cherry,wortiz@example.com,+1-278-990-7315x4522,Phoenix,USA,2025-03-24
375,Alicia,Mills,loribarrett@example.net,(705)629-6147x58730,Denver,USA,2026-06-19
376,Mark,Griffin,garnerjoseph@example.net,+1-342-569-3357x141,Phoenix,USA,2025-11-16
377,Jimmy,Johnson,colediana@example.org,+1-273-446-6441x38485,New York,USA,2025-08-11
378,Mark,Cantu,francismadeline@example.net,369-326-0812x4382,Chicago,USA,2024-10-02
379,Donna,Williams,xdavis@example.org,+1-980-825-4563,Chicago,USA,2026-06-05
380,John,King,fisherjoseph@example.net,368.598.1861,Dallas,USA,2025-06-15
381,Jason,Wheeler,emilybradshaw@example.org,634.822.6066,Phoenix,USA,2026-06-28
382,Kevin,Davis,chandleralicia@example.net,(958)359-2011x751,New York,USA,2024-06-23
383,Nicole,Dawson,smithantonio@example.net,+1-550-691-7694x439,Boston,USA,2023-11-21
384,Richard,Johnson,martineztiffany@example.com,(666)337-6335,Atlanta,USA,2024-05-29
385,Debra,Rios,rodriguezjonathan@example.org,(288)845-4753x763,Phoenix,USA,2024-08-15
386,Larry,Sullivan,cookesharon@example.org,(704)832-5444,Dallas,USA,2025-05-12
387,Jennifer,Nichols,jenniferwilson@example.org,334.439.3869,Denver,USA,2024-06-20
388,David,Shaw,hernandezlori@example.org,001-960-608-0360x19445,Dallas,USA,2023-09-05
389,Lawrence,Chapman,greghaynes@example.net,+1-453-409-9093x26100,New York,USA,2025-08-22
390,Cody,Hubbard,holderbruce@example.net,+1-498-492-0352,Seattle,USA,2023-11-11
391,Louis,Washington,abooker@example.com,342-848-0306x8024,Boston,USA,2024-10-18
392,Gabriela,Mayer,xarnold@example.com,+1-276-910-9179x561,New York,USA,2025-05-09
393,Melissa,Harris,mpalmer@example.com,886.264.2085,Boston,USA,2023-08-08
394,Alex,Smith,cyu@example.org,3064890827,Miami,USA,2024-01-17
395,Wendy,Howell,berryheather@example.org,(876)871-0656x96816,Miami,USA,2025-04-30
396,Cynthia,Thomas,emoore@example.org,4134142557,Chicago,USA,2026-05-07
397,Jacob,Miller,adamperkins@example.com,692.362.6904,Boston,USA,2026-03-02
398,Michael,Hall,banksnicholas@example.com,+1-525-790-9721,Phoenix,USA,2026-05-30
399,Craig,Robinson,grahambruce@example.org,(971)650-6978x624,Denver,USA,2023-10-26
400,Eric,Collins,valdezdawn@example.com,788.398.7681,Atlanta,USA,2026-04-23
401,Natalie,Knight,cgarcia@example.org,901-251-4045,Dallas,USA,2025-12-15
402,David,Olson,jacobmurphy@example.net,876-790-7281x42335,Miami,USA,2026-05-29
403,John,Mendoza,iglenn@example.com,001-824-959-0818x326,Dallas,USA,2025-01-15
404,James,Raymond,andersonjoshua@example.org,(271)409-1276,Dallas,USA,2025-08-28
405,Mark,Padilla,parrishangela@example.org,561-268-7174x47553,Denver,USA,2025-08-02
406,Lisa,Terry,robertarroyo@example.org,226-471-5079x47132,New York,USA,2025-06-29
407,Scott,Shelton,jonesmatthew@example.org,730-603-4519x986,Dallas,USA,2024-12-28
408,Gloria,Santana,vanessa04@example.org,001-943-791-9619x832,Boston,USA,2026-01-20
409,Hayden,Brown,ibuck@example.org,543-225-8866,Denver,USA,2025-04-29
410,Cameron,Ortiz,jonathangonzalez@example.net,001-227-446-1977x9441,Miami,USA,2024-01-29
411,Brian,Cisneros,ryancarrillo@example.net,520-634-9705x0576,Seattle,USA,2024-11-09
412,Megan,Boone,christopher78@example.org,529-243-5788,Dallas,USA,2024-10-13
413,Larry,Wood,nunezthomas@example.org,001-850-740-3362x8322,Chicago,USA,2024-12-29
414,Brittany,Cook,shannonjoseph@example.com,+1-776-885-2702x98673,Denver,USA,2024-11-20
415,Brandon,Carlson,jamie98@example.com,7622319709,New York,USA,2024-11-22
416,Timothy,Blevins,nortoncolleen@example.org,7027346721,Austin,USA,2026-05-29
417,Christopher,Wallace,maria52@example.org,001-890-899-5840,Miami,USA,2024-10-25
418,Mary,Kelley,michellekey@example.org,2787135792,Miami,USA,2025-01-09
419,Patricia,Turner,courtneycampbell@example.org,895-499-0230x707,Austin,USA,2025-04-10
420,Christina,Torres,snowdanny@example.org,291.600.8607,Boston,USA,2025-01-17
421,Yvette,Chavez,morgan77@example.com,963.508.7245x960,Seattle,USA,2026-06-09
422,Christopher,Wagner,thernandez@example.org,335.511.7886x72975,Miami,USA,2026-01-22
423,Anthony,Wilson,clarkjohn@example.net,+1-725-370-9197x67060,Miami,USA,2023-09-11
424,Devin,Mason,gomezsarah@example.org,(749)800-1104,New York,USA,2025-10-29
425,Matthew,Murray,kyle48@example.net,4012017841,Miami,USA,2025-08-29
426,John,Howell,andrew18@example.org,358-269-5993x5179,Denver,USA,2025-07-11
427,Tina,Howard,luis42@example.net,211-569-4808x2080,Boston,USA,2023-07-31
428,Michael,King,anna33@example.net,001-667-511-9241,Seattle,USA,2023-08-11
429,Kyle,Diaz,torresdeborah@example.net,833.908.4952x649,Chicago,USA,2024-11-15
430,Craig,Brown,brandoncummings@example.net,374-371-9908,Seattle,USA,2024-12-16
431,Matthew,Johnson,lewisjacob@example.org,001-644-813-9957,Boston,USA,2025-09-30
432,Adrian,Rogers,charles42@example.org,001-883-922-1667x0182,Phoenix,USA,2026-02-28
433,Bryan,Meyer,ilee@example.com,784-398-7284x99709,Denver,USA,2025-11-22
434,Luke,Smith,monique25@example.org,001-525-692-4920x6345,Phoenix,USA,2023-09-25
435,Stephanie,Wilson,hayeskaitlyn@example.org,895-402-2601,Boston,USA,2025-06-15
436,Matthew,Jones,fmoore@example.org,658-397-1054,New York,USA,2024-01-26
437,Kathryn,Pearson,bwilson@example.net,963-948-2987x916,Chicago,USA,2025-11-04
438,Lisa,Mitchell,jamesalicia@example.net,(369)802-5347x3372,Seattle,USA,2026-03-27
439,Hannah,Rivera,laura66@example.org,001-943-293-0831,Dallas,USA,2024-01-17
440,Daniel,Pittman,bakerjohn@example.com,(889)532-0946x54206,Atlanta,USA,2024-01-07
441,Brenda,Shea,robert88@example.com,+1-262-335-1562x1994,Seattle,USA,2025-01-10
442,Ronald,Watson,shermancorey@example.net,+1-389-298-0222x62609,New York,USA,2024-08-18
443,Mary,Case,tonyasantiago@example.org,(334)753-6505x73975,Chicago,USA,2023-10-12
444,Kenneth,Baird,rubenturner@example.net,(592)381-6905,Atlanta,USA,2025-10-31
445,Carolyn,Mills,jillsutton@example.com,(989)504-8075,Denver,USA,2026-04-07
446,Sheila,Hall,james85@example.org,443.775.5908,Boston,USA,2024-07-30
447,Tommy,Johnson,glong@example.org,676.253.0018x8124,Boston,USA,2024-09-06
448,Stanley,Wilson,destiny86@example.com,+1-773-638-1714x814,Denver,USA,2025-06-02
449,Wesley,Bright,jonathanwolfe@example.com,401.377.1004x277,Atlanta,USA,2025-09-02
450,Bobby,Carter,gillespiebrian@example.net,559-450-0499x8330,Phoenix,USA,2023-09-21
451,Rhonda,Farrell,munozstephanie@example.net,897.788.0182,Chicago,USA,2025-10-17
452,Katherine,Estrada,donald77@example.net,663.515.5574,Denver,USA,2024-12-19
453,Heidi,Taylor,pjones@example.net,778.837.4836x2950,Atlanta,USA,2025-02-12
454,John,White,stephanie08@example.com,(368)545-8804,Miami,USA,2026-01-27
455,Peter,Chapman,parsonsnathan@example.org,232-241-9808x4649,Seattle,USA,2023-11-06
456,Stacey,Douglas,jenniferhowell@example.org,2534915987,New York,USA,2023-11-01
457,Christina,Bennett,ygilmore@example.com,328.995.3955x46116,Denver,USA,2024-09-23
458,Michelle,Farrell,finleyian@example.net,(425)416-4258,New York,USA,2023-07-19
459,Gabriel,Shields,wedwards@example.net,001-546-495-6273x705,Phoenix,USA,2025-12-31
460,Brenda,Lee,oscarbenitez@example.org,001-359-584-3391x0676,Phoenix,USA,2025-05-28
461,Tiffany,Henderson,herreratimothy@example.com,001-633-707-7772x981,Miami,USA,2026-05-06
462,Amy,Sanchez,jason06@example.net,778.412.7510x115,Boston,USA,2023-09-27
463,Jeffrey,Collins,bradshawkara@example.org,749-693-7575x3752,Denver,USA,2024-02-20
464,James,Peterson,kingelizabeth@example.net,+1-575-728-8581x8832,Chicago,USA,2025-11-29
465,Jenna,Green,vargasjim@example.org,(913)239-4700x3410,Boston,USA,2026-01-13
466,Daniel,Crosby,taylormary@example.org,(607)945-5474x96380,Atlanta,USA,2025-01-09
467,James,Fritz,xcarter@example.org,220.742.6094,Boston,USA,2023-12-18
468,Alison,Lara,mgrant@example.net,2534185914,Chicago,USA,2025-09-14
469,John,Beard,megan73@example.net,+1-897-435-1331,Seattle,USA,2024-07-11
470,Matthew,Hogan,alyssa58@example.net,596.681.1730,Phoenix,USA,2024-11-26
471,Brian,Hall,mcdowellchristopher@example.org,758.962.3519,Seattle,USA,2025-05-24
472,Edward,Schmidt,henrywarren@example.com,001-458-766-2770,Denver,USA,2025-07-23
473,Stephen,Brewer,kimberlylawson@example.org,+1-882-841-8113x199,Boston,USA,2026-06-14
474,Margaret,Wells,christian64@example.org,637-347-0662x0491,Denver,USA,2025-08-06
475,Timothy,Stokes,gregory60@example.com,(273)740-5048,Seattle,USA,2026-03-29
476,Theresa,Brown,zsmith@example.net,656-707-3278x777,Phoenix,USA,2025-12-23
477,David,Smith,oneillronald@example.org,704-290-7819x91668,Dallas,USA,2025-06-14
478,Timothy,Barton,james49@example.org,9632644967,Miami,USA,2023-09-24
479,Cynthia,Poole,lisamurphy@example.org,001-258-742-1870x834,Denver,USA,2024-12-26
480,Cristina,Collins,brittanyfuller@example.org,301-483-1359x8077,Denver,USA,2024-11-17
481,Noah,Smith,sabrina91@example.org,001-282-257-1527x1280,Dallas,USA,2025-01-31
482,Heather,Francis,justin32@example.net,+1-776-209-9221x504,Atlanta,USA,2024-01-07
483,Samantha,Montgomery,josephjohn@example.org,+1-381-909-3323x6819,Atlanta,USA,2025-12-03
484,Richard,Pham,mcmillansherri@example.org,001-797-465-5633x44871,Seattle,USA,2023-12-14
485,Eric,Sawyer,gerald97@example.net,670-577-4501x85949,Denver,USA,2025-02-12
486,David,Bowman,whitegeorge@example.org,2409340245,Phoenix,USA,2025-02-02
487,Wesley,Robles,moraleskevin@example.com,001-678-455-9725x24003,New York,USA,2024-05-31
488,Ashley,Davis,kathrynvaughan@example.net,991.680.6090x708,Seattle,USA,2026-07-03
489,Kathy,Pierce,charlotteblake@example.com,(458)735-3953x2631,Seattle,USA,2023-09-20
490,Michael,Callahan,ochoacharles@example.com,718-492-5508,Miami,USA,2024-10-21
491,Ashley,Herring,rjacobs@example.com,933-479-4204x2042,Denver,USA,2024-12-18
492,Amy,Miller,chrishooper@example.com,+1-592-489-1119x5996,Atlanta,USA,2026-02-06
493,Angelica,West,ohayes@example.net,686-230-6612x856,Atlanta,USA,2026-06-03
494,Larry,Moody,kparker@example.net,001-473-776-9156x446,Boston,USA,2025-02-23
495,Karen,Nichols,chenmichael@example.com,001-880-270-0396x1735,Austin,USA,2024-12-18
496,Shannon,Caldwell,joshuastone@example.net,(243)489-8856,Austin,USA,2026-02-06
497,Casey,Gibson,carriemorgan@example.org,266.414.3741x77939,Austin,USA,2024-09-14
498,Tanya,Brown,victoriamendoza@example.net,488.235.2428x5364,Miami,USA,2026-01-25
499,Sharon,Ballard,bradleymichael@example.com,617-291-4328,Phoenix,USA,2025-11-07
500,Laurie,Hernandez,rlandry@example.org,+1-889-919-2568,Austin,USA,2025-02-21
